Adaugare_Dragon,Thu Apr 30 06:20:37 EEST 2020
Adaugare_Phoenix,Thu Apr 30 06:21:12 EEST 2020
Adaugare_Trol,Thu Apr 30 06:21:39 EEST 2020
Adaugare_Zana,Thu Apr 30 06:22:14 EEST 2020
Citire_Vanzator,Thu Apr 30 06:23:48 EEST 2020
Afisare_Bani,Thu Apr 30 06:23:54 EEST 2020
Adaugare_Trol,Thu Apr 30 06:24:27 EEST 2020
Adaugare_Dragon,Thu Apr 30 06:25:19 EEST 2020
Afisare_Animale,Thu Apr 30 06:25:26 EEST 2020
Afisare_Cumparatori,Thu Apr 30 06:26:02 EEST 2020
Citire_Cumparator,Thu Apr 30 06:26:32 EEST 2020
Afisare_Dragoni,Thu Apr 30 06:26:39 EEST 2020
Citire_Cumparator,Thu Apr 30 06:28:00 EEST 2020
Afisare_Dragoni,Thu Apr 30 06:28:09 EEST 2020
Afisare_Animale_Batrane,Thu Apr 30 06:28:19 EEST 2020
Afisare_Adoptatori,Thu Apr 30 06:28:24 EEST 2020
Citire_Adoptator,Thu Apr 30 06:29:13 EEST 2020
Afisare_Adoptatori,Thu Apr 30 06:29:18 EEST 2020
Afisare_Zane,Thu Apr 30 06:29:28 EEST 2020
Afisare_Bani,Thu Apr 30 06:29:33 EEST 2020
